{
  "posts": [
    {
      "content": "又称为平衡二叉树，节点被标记为红色或者黑色，黑色是空节点，红色节点存储数据\r\n1. 任意节点子树高度相差不大于1\r\n2. 根节点是黑色的，叶节点也是不存储数据的，黑色的\r\n3. 任何相邻两节点不能同时为红色\r\n4. 任意节点到达其可达节点的叶节点间包含相同数量的黑色节点\r\n   ![](https://hensonguo.github.io/post-images/1662458100324.jpg)\r\n\r\n树的高度趋近于logn\r\n因此在树上的任何操作（插入、删除、查找）的时间复杂度也是logn\r\n![](https://hensonguo.github.io/post-images/1662458339689.jpg)\r\n\r\n红黑树较AVL树的优点\r\n\r\nAVL 树是高度平衡的，频繁的插入和删除，会引起频繁的rebalance，导致效率下降；\r\n红黑树不是高度平衡的，算是一种折中，插入最多两次旋转，删除最多三次旋转。\r\n\r\n所以红黑树在查找，插入删除的性能都是O(logn)，且性能稳定，所以STL里面很多结构包括map底层实现都是使用的红黑树。",
      "data": {
        "title": "红黑树",
        "date": "2022-09-06 17:43:07",
        "tags": [],
        "published": true,
        "hideInList": false,
        "feature": null,
        "isTop": false
      },
      "isEmpty": false,
      "excerpt": "",
      "abstract": "",
      "fileName": "hong-hei-shu"
    },
    {
      "content": "![](https://hensonguo.github.io/post-images/1662465422764.jpg)\r\n\r\n### ArrayList\r\n数组在内存中时连续存储的，所以其索引速度非常快，而且赋值和修改元素也比较简单。\r\n修改元素比较麻烦，容易导致内存狼，容易导致数据溢出等等\r\nArrayList就完美克服了这些缺点。\r\n\r\n优点：\r\n其大小是按照其存储数据进行动态扩充和收缩的\r\n不用考虑内存浪费和指定长度\r\n\r\n缺点:\r\n在ArrayList中可以同时插入不同类型的数据，比如string，char，int等等\r\n因为ArrayList把这些数据当做object来处理的，所以这样是允许的\r\n但是有一个问题，如果我们用ArrayList来处理问题的时候，很可能发生类型不匹配的错误\r\n所以说ArrayList是不安全的\r\n即使我们保证插入数据的时候很小心，但是在使用的时候，我们需要他们都转化成为原来类型来处理\r\n这里就有了拆装箱的操作\r\n可想而知，这样会有巨大的内存消耗\r\n\r\n\r\n### list\r\n正因为ArrayList不安全的原因，所以c#也出现了泛型的概念，List正是ArrayList的泛型类\r\n``` c++\r\nList<int> list = new List<int>();\r\n//新增数据\r\n list.Add(123);\r\n//修改数据 \r\nlist[0] = 345;\r\n//移除数据\r\nlist.RemoveAt(0);\r\n```\r\n如果此时插入其他类型的数据，就会报错\r\n这样避免了前面所说安全问题和拆装箱消耗内存的问题了\r\n\r\nList容器底层是用双向循环链表实现的，相比双链表的结构的好处是构建List的容器的时候，\r\n只需借助一个指针就可以轻松的表示List的首位元素\r\n\r\n### hashmap\r\nmap的底层也是使用数组来实现，数组中每一项都是单向链表（链表和数组的结合体）\r\n当链表长度大于一定的阈值，链表转换为红黑树，减少链表的查询时间\r\n![](https://hensonguo.github.io/post-images/1662454854313.jpg)\r\n在hashmap中使用数组加（链表或者红黑树）可以完美解决数组和链表的问题 使得查询 插入删除效率都比较高\r\n对于同一个对象如果没有被修改，那么无论何时其哈希码都是相同的\r\n对于两个对象 如果其内容不同 其哈希码也可能是相同的\r\n\r\n当哈希表插入一个数据的时候\r\n分为两种情况：\r\n1.数组中索引处为空，这种情况直接将元素放入即可\r\n2.数组中索引处不是空，那么我们判断该位置的元素和当前元素是否相等\r\n如果相等我们直接覆盖，如果不相等 我们使用链表或者红黑树的形式存储该元素\r\n\r\n### set\r\n关于set的底层实现有两种说法，\r\n第一种是c++的STL的set用的是红黑树\r\n第二种是hash_set的hashtable\r\n红黑树和哈希表最大的不同就是红黑树是有序结构，hashtable不是有序结构\r\n如果只是判断set中的元素是否存在，hash显然更加适合，因为set的访问操作复杂度是log(N)，而使用hash底层实现hash_set近似O(1)\r\n\r\n### map\r\nmap是key:value键值对的组合，map类型通常被称为关联数组(associative array)。与之相对，set就是关键字的简单组合。\r\n``` c++\r\ntemplate <class Key,\r\n    class Type,\r\n    class Traits = less<Key>,\r\n    class Allocator=allocator<pair <const Key, Type>>>\r\nclass map;\r\n```\r\nKey 要存储在映射中的键数据类型。\r\nType 要存储在映射中的元素数据类型。\r\nTraits 一种提供函数对象的类型，该函数对象可将两个元素值作为排序键进行比较，以确定其在映射中的相对顺序。 此参数为可选自变量，默认值是二元谓词 less。在 C++ 14 中可以通过指定没有类型参数的 std:: less <> 谓词来启用异类查找。\r\nAllocato 一种表示存储的分配器对象的类型，该分配器对象封装有关映射的内存分配和解除分配的详细信息。 此参数为可选参数，默认值为 allocator<pair<const Key, Type> >。\r\n\r\n\r\n### vector\r\nvector的底层实现很简单，就是一段连续的线性存储空间（可以理解为指针）\r\n``` c++\r\n//_Alloc 表示内存分配器，此参数几乎不需要我们关心\r\ntemplate <class _Ty, class _Alloc = allocator<_Ty>>\r\nclass vector{\r\n    ...\r\nprotected:\r\n    pointer _Myfirst;\r\n    pointer _Mylast;\r\n    pointer _Myend;\r\n};\r\n```\r\nMyfirst指向的是vector容器对象的起始字节位置\r\nMyLast指向的是最后一个元素的末尾字节\r\nmyend指向整个vector所占内存的末尾字节\r\n![](https://hensonguo.github.io/post-images/1662465044223.jpg)\r\n\r\n<font color=green>vector扩容</font>\r\n1.完全弃用现在的内存空间，重新申请新的 内存空间\r\n2.将旧的内存空间中的数据，按照原有顺序移动到新的内存空间中\r\n3.最后将旧的内存空间释放\r\n这也就是为什么vector扩容之后，与其相关的指针，引用，迭代器等都会失效的原因\r\n\r\n由此可见vector的扩容是很好时的，为了降低再次分配内存的成本，每次扩容的时候，都会申请比用户需求更多的内存空间\r\n这也就是vector容量的由来，以便之后使用\r\n\r\n\r\n测试题：\r\n符号匹配，判断是否合法：\r\n``` c++\r\n//判断括号是否合法--C++\r\n#include <iostream>\r\n#include <string>\r\n#include <stack>\r\nusing namespace std;\r\n\r\nint Match(char ch1,char ch2)\r\n{// 匹配函数\r\n    int t = 0;\r\n    if(ch1 == '(' && ch2 == ')')    t = 1;\r\n    if(ch1 == '[' && ch2 == ']')    t = 1;\r\n    if(ch1 == '{' && ch2 == '}')    t = 1;\r\n    return t;\r\n}\r\n\r\nbool chkLegal(string A) \r\n{// 检查函数\r\n\tif(A.size() == 0)   return false;\r\n    stack<char> Stack;\t\t// 定义一个栈容器\r\n    for(int i=0;i<A.size();i++){\r\n        if(A[i]=='['||A[i]=='('||A[i]=='{')\r\n            Stack.push(A[i]);\t// 左括号入栈\r\n        if(A[i]==']'||A[i]==')'||A[i]=='}')\r\n         {\r\n            if(Stack.empty())   return false;               // 如果栈空还有右括号，不匹配\r\n            if(!Match(Stack.top(), A[i]))  return  false;   // 如果没有对应匹配\r\n            Stack.pop();\r\n         }\r\n    }\r\n    if(Stack.empty())   return true;                        // 如果数量正确匹配\r\n    else    return false;\r\n}\r\n\r\nint main(int argc, char *argv[])\r\n{\r\n    string A = \"[a+b*(5-4)]\";                   // 测试用例A，期望数出1\r\n    string B = \"[a+b*{5-4)]\";                   // 测试用例B，期望数出0\r\n    string C = \"{[())]}\";                       // 测试用例C，期望输出0\r\n    string D = \"{[a+b*(5-4)]\";                  // 测试用例D，期望输出0\r\n    string E = \"\";\t\t\t\t\t\t\t\t// 测试用例D，期望输出0\t\r\n    cout << \"String A is: \" << chkLegal(A) << endl;\r\n    cout << \"String B is: \" << chkLegal(B) << endl;\r\n    cout << \"String C is: \" << chkLegal(C) << endl;\r\n    cout << \"String D is: \" << chkLegal(D) << endl;\r\n    cout << \"String E is: \" << chkLegal(E) << endl;\r\n    return 0;\r\n}\r\n```",
      "data": {
        "title": "STL知识总结",
        "date": "2022-09-06 16:17:26",
        "tags": [
          "C++"
        ],
        "published": false,
        "hideInList": false,
        "feature": null,
        "isTop": false
      },
      "isEmpty": false,
      "excerpt": "",
      "abstract": "",
      "fileName": "stl-zhi-shi-zong-jie"
    },
    {
      "content": "### 1.什么是内存\r\n**硬盘(ROM)** 可以存储的东西很多，但其传输数据的速度较慢。所以需要运行程序或打开数据时，这些数据必须从硬盘等存储器上先传到另一种容量小但速度快得多的存储器，之后才送入CPU进行执行处理。这中间的存储器就是 **内存(RAM)**。\r\n\r\n### 2.什么是内存地址\r\n+ 内存地址只是一个编号，代表一个内存空间；（ 内存地址是16进制保存的，一个内存（内存空间）是一个字节（8bit））\r\n+ 内存地址所执行的内存单元大小就是1字节，跟内存地址位数无关（1字节=8bit）；\r\n\r\n### 3.内存空间如何分配的\r\n定义一个int类型的变量，找到一个空间伪4个字节的空间\r\n![](https://hensonguo.github.io/post-images/1662383349486.jpg)\r\n变量a占用4个字节的空间，但是内存地址是第一个字节的地址，也就是说上面的变量a的内存地址是238\r\n\r\n### 4.内存地址的占用大小\r\n+ 16位操作系统的内存地址占用大小是16位，即2字节\r\n+ 32位操作系统的内存地址占用大小是32位，即4字节\r\n+ 64位操作系统的内存地址占用大小是64位，即8字节\r\n+ 128位操作系统的内存地址占用大小是128位，即16字节\r\n  ![](https://hensonguo.github.io/post-images/1662430566465.jpg)\r\n32位的CPU理论最多支持4GB的内存空间,CPU只能寻址2的32次方（4GB）\r\n4位16进制表示的内存地址和用8位16进制表示的内存地址，其实都是代表一个8bit的存储空间而已：\r\n![](https://hensonguo.github.io/post-images/1662430657816.jpg)\r\n\r\n### 5.常用数据类型占用内存大小\r\n<table class=\"reference\">\r\n<tbody><tr><th>类型</th><th>位</th><th>范围</th></tr>\r\n<tr><td>char</td><td>1 个字节</td><td>-128 到 127 或者 0 到 255</td></tr>\r\n<tr><td>unsigned char</td><td>1 个字节</td><td>0 到 255</td></tr>\r\n<tr><td>signed char</td><td>1 个字节</td><td>-128 到 127</td></tr>\r\n<tr><td>int</td><td>4 个字节</td><td>-2147483648 到 2147483647</td></tr>\r\n<tr><td>unsigned int</td><td>4 个字节</td><td>0 到 4294967295</td></tr>\r\n<tr><td>signed int</td><td>4 个字节</td><td>-2147483648 到 2147483647</td></tr>\r\n<tr><td>short int</td><td>2 个字节</td><td>-32768 到 32767</td></tr>\r\n<tr><td>unsigned short int</td><td>2 个字节</td><td>0 到 65,535</td></tr>\r\n<tr><td>signed short int</td><td>2 个字节</td><td>-32768 到 32767</td></tr>\r\n<tr><td>long int</td><td>8 个字节</td><td>-9,223,372,036,854,775,808 到 9,223,372,036,854,775,807</td></tr>\r\n<tr><td>signed long int</td><td>8 个字节</td><td>-9,223,372,036,854,775,808 到 9,223,372,036,854,775,807</td></tr>\r\n<tr><td>unsigned long int</td><td>8 个字节</td><td>0 到 18,446,744,073,709,551,615</td></tr>\r\n<tr><td>float</td><td>4 个字节</td><td>精度型占4个字节（32位）内存空间，+/- 3.4e +/- 38 (~7 个数字)</td></tr>\r\n<tr><td>double</td><td>8 个字节</td><td>双精度型占8 个字节（64位）内存空间，+/- 1.7e +/- 308 (~15 个数字)</td></tr>\r\n<tr><td>long double</td><td>16 个字节</td><td>长双精度型 16 个字节（128位）内存空间，可提供18-19位有效数字。</td></tr>\r\n<tr><td>wchar_t</td><td>2 或 4 个字节</td><td>1 个宽字符</td></tr>\r\n</tbody></table>\r\n\r\n![](https://hensonguo.github.io/post-images/1662431460894.jpg)\r\n\r\n### 5.数组中内存地址\r\n``` c++\r\nint main(void)\r\n{\r\n\tint a[5] = { 1,2,3,4,5 };\r\n\tint* ptr = (int*)(&a + 1);\r\n\tprintf(\"%d,%d\", *(a + 1), *(ptr-1));\r\n\treturn 0;\r\n}\r\n```\r\n假如数组a的地址是0x00{1,2,3,4,5}\r\n那么数组中对应数据存储的地址分别是 0x00 0x04 0x08 0x0c 0x10，数组地址为数组中第一个数据的地址\r\n&a+1表示数组地址整体位移1位，地址变为0x14{v1,v2,v3,v4,v5}，其中v为14后内存地址对应的值\r\na+1表示地址位置+1，为0x04，*(a+1) = 2\r\n所以输出的值是2、5\r\n\r\nchar数组存储的都是对应的字符常量指针\r\n![](https://hensonguo.github.io/post-images/1662446440941.jpg)\r\n假如数组a的地址是0x00{addr1(\"1\"), addr2(\"2\"),...}\r\n那么0x00 存储的是addr1，0x04存储的是addr2\r\n\r\n``` c++\r\nint main(void)\r\n{\r\n    const char* names[3] = { \"sun\",\"bin\",\"sunbin\" };\r\n    cout << *names << endl; //数组的第一个item的值\r\n\tcout << names << endl;\t//数组的地址，同是数组sum的地址，同是s的地址，存储地址即内存的起始位置\r\n\tcout << names[0] << endl; //item1的值，类似函数ptr->func()\r\n\tcout << names[1] << endl; //item2的值\r\n\tcout << *names[0] << endl; //相当于var = *names, var[0]\r\n\tcout << *names[1] << endl;\r\n}\r\n```\r\n",
      "data": {
        "title": "内存详解",
        "date": "2022-09-05 21:04:44",
        "tags": [
          "内存",
          "C++"
        ],
        "published": true,
        "hideInList": false,
        "feature": null,
        "isTop": false
      },
      "isEmpty": false,
      "excerpt": "",
      "abstract": "",
      "fileName": "nei-cun-kong-jian"
    },
    {
      "content": "任务管理器：\r\n[procexp](https://hensonguo.github.io/post-images/StudyPE%2B%20x64.zip)\r\n\r\n磁盘文件分布情况查看器：\r\n[spacesniffer](https://hensonguo.github.io/post-images/spacesniffer_1_3_0_2.zip)\r\n\r\nPE文件分析器：\r\n[StudyPE](https://hensonguo.github.io/post-images/StudyPE%2B%20x64.zip)\r\n\r\n轻量级用户态及内核态调试工具\r\n[Winddbg](https://docs.microsoft.com/zh-cn/windows-hardware/drivers/debugger/debugger-download-tools)\r\n\r\n博客token:\r\n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",
      "data": {
        "title": "常用小工具汇总",
        "date": "2022-09-02 10:23:21",
        "tags": [
          "工具"
        ],
        "published": true,
        "hideInList": false,
        "feature": null,
        "isTop": false
      },
      "isEmpty": false,
      "excerpt": "",
      "abstract": "",
      "fileName": "chang-yong-xiao-gong-ju-hui-zong"
    },
    {
      "content": "### 1. 是否了解RAII (Resource Acquisition is Initialization) ？请阐述\r\n   把资源和对象的生命周期绑定，对象创建获取资源，对象销毁释放资源\r\n\r\n### 2. 设计模式\r\n+ 工厂模式：将对象的构造过程封装，是创建的接口统一简洁，易于扩展\r\n+ 观察者模式：给一个对象添加观察者，对象改变时通知一个或者多个观察者对象，常用与消息更新，广播机制或链式触发等，比如QT信号槽机制\r\n+ 职责链模式：将一个请求的发送者和接收者解耦，让多个对象都有机会处理请求。将接收请求的对象连接成一条链，并且沿着这条链传递请求，直到有一个对象能够处理它为止。采用职责链模式不仅可以方便扩展（当增加一个接受者时，只需要在链上的适当位置插入对应的处理方法即可），而且可以替换掉代码中可能存在的switch-case或者if-else。在工具的设计、具有层级关系或权限关系的任务处理场景中可以应用。常用在消息处理。\r\n+ 策略模式：常常与工厂模式搭配，封装不同的算法（策略），再结合C++多态机制，策略模式在实际开发过程中应用十分广泛\r\n+ 代理模式：C++智能指针、引用计数等\r\n\r\n### 3. http get 和post请求区别\r\n   本质上都是tcp连接，由于http规定和服务器/浏览器的限制，导致他们在应用过程中有些不同\r\n   + 过程不同：get请求会把http header和data一并发送出去，服务器响应200（返回数据）；post则是先发送header，服务器想用100 continue，服务器响应200\r\n   + 参数数据类型不同：get只接受ascii字符，而post没有限制\r\n   + 安全性不用：get参数直接暴露在url上，所以不能传递敏感信息。post是放在request body中\r\n   + 编码方式不同：get只能对url进行编码，post支持多种编码方式\r\n   + 长度限制不同：get对url传参是有长度限制的，post无\r\n\r\n### 4. tcp udp\r\n   <table><thead><tr><th>TCP</th><th>UDP</th></tr></thead><tbody>\r\n   <tr><td>面向连接</td><td>面向非连接</td></tr>\r\n   <tr><td>传输可靠</td><td>传输不可靠</td></tr>\r\n   <tr><td>传输少量数据</td><td>传输大量数据</td></tr>\r\n   <tr><td>速度慢</td><td>速度快</td></tr>\r\n   <tr><td>保证数据正确性</td><td>可能丢包</td></tr>\r\n   <tr><td>保证数据顺序</td><td>不保证</td></tr></tbody></table>\r\n\r\n   **tcp挥手握手**\r\n三次握手：\r\n1、客户端发送syn给服务端，等待服务端确认\r\n2、服务端接收到syn，会给客户端发送一个ack确认，并且服务端也需要客户端确认，所以会发送syn\r\n3、、客户端手动服务端的syn，会给服务端发送ack进行确认。\r\n到此，客户端和服务端就成功连接。\r\n![](https://hensonguo.github.io/post-images/1661947952532.webp)\r\n    建立一个连接需要三次握手，而终止一个连接要经过四次握手，这是由TCP的半关闭（half-close）造成的。四次挥手：\r\n1、客户端发送fin给服务端，用来关闭客户端到服务端的数据发送\r\n2、服务端收到fin之后，会给客户端发送ack进行确认\r\n3、服务端发送fin给客户端，用来关闭服务端到客户端的数据发送\r\n4、客户端收到fin之后，会给服务端发送ack进行确认\r\n![](https://hensonguo.github.io/post-images/1661947969631.webp)\r\n\r\n### 5.谈谈对C++内存的理解\r\n全局变量程序开始运行的时候被加载。局部变量则分配在堆栈里面\r\n1、栈区（stack）― 由编译器自动分配释放 ，存放函数的参数值，局部变量的值等。其操作方式类似于数据结构中的栈。\r\n2、堆区（heap）― 一般由程序员分配释放， 若程序员不释放，程序结束时可能由OS回收 。注意它与数据结构中的堆是两回事，分配方式倒是类似于链表。\r\n3、全局区（静态区）（static）― 全局变量和静态变量的存储是放在一块的，初始化的全局变量和静态变量在一块区域， 未初始化的全局变量和未初始化的静态变量在相邻的另一块区域。 - 程序结束后有系统释放\r\n4、文字常量区 ― 常量字符串就是放在这里的。 程序结束后由系统释放\r\n5、程序代码区 ― 存放函数体的二进制代码。\r\n\r\nnew与malloc的区别?\r\nmalloc与free是C++/C语言的标准库函数，new/delete是C++的运算符。它们都可用于申请动态内存和释放内存。\r\n     new可以认为是malloc加构造函数的执行。new出来的指针是直接带类型信息的。而malloc返回的都是void指针。\r\n\r\n<font color=red>malloc内存分配失败的原因</font>\r\n1. 内存不足。 \r\n2. 在前面的程序中出现了内存的越界访问，导致malloc()分配函数所涉及的一些信息被破坏。下次再使用malloc()函数申请内存就会失败，返回空指针NULL(0)。\r\n\r\n解决方式：\r\n1、内存不足，使用free命令查看当前还有多少内存，看是否合理，之前是否有内存泄漏等。\r\n2、按照流程查看malloc失败前的几次malloc、memcpy或字符串拷贝等，查看是否有内存越界。\r\n    \r\n### 6.c++结构体和类的区别和联系\r\n   1、访问权限：结构体是public不能改变，类可以改变\r\n   2、其他的struct和class一样可以包含成员函数，可以继承，可以实现多态。\r\n   3、表现出来的话，结构体更多表现出一种面向过程的数据结构的特点，而类更多表现出面向对象变成的特点，即更侧重对成员的访问权限的控制。\r\n\r\n### 7.cpu架构\r\n   目前市场上的CPU分类主要分有两大阵营，一个是intel、AMD为首的复杂指令集CPU，另一个是以IBM、ARM为首的精简指令集CPU。\r\n   X86：Intel、AMD\r\n   PowerPC：IBM\r\n   ARM：ARM\r\n   此外还有MPIS架构、SPARC架构、Alpha架构\r\n\r\n### 8.c++编译命令，gdb调试\r\n   1、对于 .c和.cpp文件，gcc分别当做c和cpp文件编译（c和cpp的语法强度是不一样的）\r\n   2、对于 .c和.cpp文件，g++则统一当做cpp文件编译\r\n   3、使用g++编译文件时，g++会自动链接标准库STL，而gcc不会自动链接STL\r\n   4、gcc在编译C文件时，可使用的预定义宏是比较少的\r\n![](https://hensonguo.github.io/post-images/1661948735511.png)\r\n   \r\n### 9. 声明、定义、关键字\r\n<font color=red>为变量分配地址和存储空间的称为定义，不分配地址的称为声明。一个变量可以在多个地方声明</font>\r\n\r\n<font color=green>extern</font>:\r\n声明提示编译器遇到此变量和函数时在其他模块中寻找其定义，只需要包含其头文件即可。\r\n当它与“C”一起连用的时候，如：extern “C” void fun(int a,int b);则告诉编译器在编译fun这个函数时候按着C的规矩去翻译，而不是C++的（这与C++的重载有关，C++语言支持函数重载，C语言不支持函数重载，函数被C++编译器编译后在库中的名字与C语言的不同）\r\n\r\n<font color=green>volatile</font>:\r\n变量修饰符，表示变量随时可能被外部修改。因此这些变量的存取不能缓存到寄存器，需要每次重新读取。\r\n譬如两个线程t1、t2同时修改变量a，其中一线程的修改对另外一个线程是不可见的，即另外一个线程读取其数据时，读取的还是原始值。因为为了提升性能，虚拟机把a变量置入了寄存器（即C语言中的寄存器变量），因此读取的是寄存器而非内存中的值。声明了volatile或synchronized 后，就可以保证可见性，确保始终从内存中读取变量。\r\n\r\n一个指针可以是 volatile 吗?\r\n     可以，因为指针和普通变量一样，有时也有变化程序的不可控性。\r\n\r\n### 10.指针和引用的区别\r\na、指针是一个实体，需要分配内存空间。引用只是变量的别名，不需要分配内存空间。\r\nb、引用在定义的时候必须进行初始化，并且不能够改变。指针在定义的时候不一定要初始化，并且指向的空间可变。（注：不能有引用的值不能为NULL）\r\nc、有多级指针，但是没有多级引用，只能有一级引用。\r\nd、指针和引用的自增运算结果不一样。（指针是指向下一个空间，引用时引用的变量值加1）\r\ne、sizeof 引用得到的是所指向的变量（对象）的大小，而sizeof 指针得到的是指针本身的大小。\r\nf、引用访问一个变量是直接访问，而指针访问一个变量是间接访问。\r\n\r\n``` c++\r\nint a = 10;\r\nint *ptr;\r\nptr = &a;\r\ncout<<a;\r\ncout<<ptr;  //输出的是指针地址\r\ncout<<*ptr  //输出的是变量指针指向的变量值，*ptr(var1) = a(var2)  ptr(addr1)= &a(addr2)\r\n```\r\n\r\n### 11. 深拷贝、浅拷贝、智能指针\r\na、系统默认调用浅拷贝，能够完成成员复制。当数据成员中没有指针时，浅拷贝是可行的；但当数据成员中有指针时，如果采用简单的浅拷贝，则两类中的两个指针将指向同一个地址，当对象快结束时，会调用两次析构函数，而导致指针悬挂现象，所以，此时，必须采用深拷贝。\r\nb、深拷贝与浅拷贝的区别就在于深拷贝会在堆内存中另外申请空间来储存数据，从而也就解决了指针悬挂的问题。简而言之，当数据成员中有指针时，必须要用深拷贝。\r\nc、智能指针的一种通用实现技术是使用引用计数。智能指针类将一个计数器与类指向的对象相关联，初始化计数为1，随着拷贝而增加，随着析构而减少，为0则删除指针对象\r\n    ![](https://hensonguo.github.io/post-images/1662003795784.jpg)\r\n\r\n### 12. char数组及char指针\r\n1、char a = \"a\" ，编译错误，其中\"a\"为 const char *，无法转换为char；所以正确的写法是 char *a = \"a\"\r\n2、字符数组是以null结尾的，char a[2] = \"12\"，提示越界，正确写法为char a[3] = \"12\"\r\n\r\n### 13. 虚函数\r\n虚函数，是指被virtual关键字修饰的成员函数。\r\n虚函数（Virtual Function）是通过一张虚函数表（Virtual Table）来实现的。\r\n虚函数的作用，用专业术语来解释就是实现多态性（Polymorphism），多态性是将接口与实现进行分离；用形象的语言来解释就是实现以共同的方法，但因个体差异，而采用不同的策略。\r\n类的示例对象不包含虚函数表，只有虚指针；\r\n派生类会生成一个兼容基类的虚函数表。\r\n\r\n<font color=red>虚函数表是针对类的还是针对对象的？同一个类的两个对象的虚函数表是怎么维护的？</font>\r\n 编译器为每一个类维护一个虚函数表（本质是一个函数指针数组，数组里面存放了一系列函数地址 ），每个对象的首地址保存着该虚函数表的指针，同一个类的不同对象实际上指向同一张虚函数表。调用形式：*(this指针+调整量)虚函数在vftable内的偏移\r\n    \r\n在单继承形式下，子类的完全获得父类的虚函数表和数据。子类如果重写了父类的虚函数（如fun），就会把虚函数表原本fun对应的记录（内容MyClass::fun）覆盖为新的函数地址（内容MyClassA::fun），否则继续保持原本的函数地址记录。\r\n\r\n<font color=red>构造函数能否为虚函数</font>\r\n构造函数不能是虚函数。而且不能在构造函数中调用虚函数，因为那样实际执行的是父类的对应函数，因为自己还没有构造好。析构函数可以是虚函数，而且，在一个复杂类结构中，这往往是必须的。\r\n析构函数也可以是纯虚函数，但纯虚析构函数必须有定义体，因为析构函数的调用是在子类中隐含的。\r\n\r\n<font color=red>访问基类的私有虚函数</font>\r\n``` c++\r\n#include <iostream.h> \r\nclass A \r\n{ \r\n \tvirtual void g() \r\n \t{ \r\n \t \tcout << \"A::g\" << endl; \r\n \t} \r\nprivate: \r\n \tvirtual void f() \r\n \t{ \r\n \t \tcout << \"A::f\" << endl; \r\n \t} \r\n}; \r\nclass B : public A \r\n{ \r\n \tvoid g() \r\n \t{ \r\n \t \tcout << \"B::g\" << endl; \r\n \t} \r\n \tvirtual void h() \r\n \t{ \r\n \t \tcout << \"B::h\" << endl; \r\n \t} \r\n}; \r\ntypedef void( *Fun )( void );\r\nvoid main() \r\n{ \r\n \tB b; \r\n \tFun pFun; \r\n \tfor(int i = 0 ; i < 3; i++) \r\n \t{ \r\n \t \tpFun = ( Fun )*( ( int* ) * ( int* )( &b ) + i ); \r\n \t \tpFun(); \r\n \t} \t \r\n} \r\n\r\n```\r\n输出结果：\r\nB::g\r\nA::f\r\nB::h\r\n\r\n### 14. 内存泄漏\r\n析构函数不允许重载，并且析构函数无参\r\na.类的构造函数和析构函数中new和delete没有配套\r\nb.在释放对象数组时没有使用delete[]，使用了delete\r\n```c++\r\n#include<stdio.h>\r\n\r\nclass A{\r\n    public: \r\n        A(){printf(\"A::A()\\naddress=%p\\n\",this);}\r\n        ~A(){printf(\"~A::A() i=%d\\naddress=%p\\n\",i,this);}\r\n        void setA(int ii){i=ii;}\r\n    private:\r\n                int i;\r\n};\r\n\r\nint main(){\r\n    A* p=new A[4];\r\n    for(int ii=0;ii<4;ii++){\r\n        p[ii].setA(ii);\r\n    }\r\n    delete[] p;\r\n    return 0;\r\n}\r\n```\r\n\r\nc.没有将基类的析构函数定义为虚函数，当基类指针指向子类对象时，如果基类的析构函数不是virtual，那么子类的析构函数将不会被调用，子类的资源没有正确释放，因此造成内存泄露\r\n\r\nd.没有正确的清楚嵌套的对象指针\r\n\r\n<font color=red>如何避免“野指针”</font>\r\n（1） 指针变量声明时没有被初始化。解决办法：指针声明时初始化，可以是具体的地址值，也可让它指向 NULL。\r\n（2） 指针 p 被 free 或者 delete 之后，没有置为 NULL。解决办法：指针指向的内存空间被释放后指针应该指向 NULL。\r\n（3） 指针操作超越了变量的作用范围。解决办法：在变量的作用域结束前释放掉变量的地址空间并且让指针指向 NULL。\r\n\r\n### 15. C++四种强制类型转换\r\nconst_cast：从字面意思上就可以理解，去除变量的const属性。\r\nstatic_cast：静态类型转换，一般用于基本类型间的转换，如char->int\r\ndynamic_cast：动态转换，同于多态之间的类型转换\r\nreinterpret_cast：用于不同类型的指针类型的转换。\r\n\r\n### 16. C++空类有哪些成员函数\r\n+  缺省构造函数\r\n+  缺省拷贝构造函数\r\n+  缺省析构函数\r\n+  缺省赋值运算符\r\n+  缺省取址运算符\r\n+  缺省取址运算符 const\r\n\r\n### 17. 谈谈你对拷贝构造函数和赋值运算符的认识\r\n（1） 拷贝构造函数生成新的类对象，而赋值运算符不能。\r\n（2） 由于拷贝构造函数是直接构造一个新的类对象，所以在初始化这个对象之前不用检验源对象是否和新建对象相同。而赋值运算符则需要这个操作，另外赋值运算中如果原来的对象中有内存分配要先把内存释放掉\r\n\r\n### 18. 链表和数组有什么区别\r\n1） 存储形式：数组是一块连续的空间，声明时就要确定长度。链表是一块可不连续的动态空间，长度可变，每个结点要保存相邻结点指针。\r\n（2） 数据查找：数组的线性查找速度快，查找操作直接使用偏移地址。链表需要按顺序检索结点，效率低。\r\n（3） 数据插入或删除：链表可以快速插入和删除结点，而数组则可能需要大量数据移动。\r\n（4） 越界问题：链表不存在越界问题，数组有越界问题。\r\n![](https://hensonguo.github.io/post-images/1662455011598.jpg)\r\n\r\n<font color=red>静态链表及数组实现</font>\r\n概念：游标实现法\r\n对于没有指针的编程语言，可以用数组替代指针，来描述链表。让数组的每个元素由data和cur两部分组成，其中cur相当于链表的next指针，这种用数组描述的链表叫做静态链表，这种描述方法叫做游标实现法。\r\n特点：\r\n这种储存结构仍需要预先分配一个较大的空间，但在作线性表的插入和删除操作是不需移动元素，仅需修改指针，故仍具有链式存储结构的主要有点。\r\n优点\r\n在插入和删除时候，只需要修改游标，不需要移动元素，从而改进了顺序存储结构中插入和删除操作需要移动大量元素的缺点。\r\n缺点\r\n没有解决连续存储分配带来的表长难以确定的问题；失去了顺序存储结构随机存取的特性。\r\n\r\n<font color=red>链表反转</font>\r\n链表相关问题总是涉及大量指针的操作，链表的反转关键就是调整指针的方向。以下图为例，(a)表示原链表，(b)表示在进行反转的链表。\r\n![](https://hensonguo.github.io/post-images/1662468121081.jpg)\r\n``` c++\r\nstruct ListNode\r\n{// 定义链表节点\r\n\tint       m_nValue;\r\n\tListNode* m_pNext;\r\n};\r\n\r\nListNode* ReverseList(ListNode* pHead)\r\n{\r\n\tListNode* pReversedHead = nullptr;\t// 反转后的头指针\r\n\tListNode* pNode = pHead;\t\t\t// 从源链表的头结点开始\r\n\tListNode* pPrev = nullptr;\r\n\twhile (pNode != nullptr)\r\n\t{\r\n\t\tListNode* pNext = pNode->m_pNext;\r\n\r\n\t\tif (pNext == nullptr)\r\n\t\t\tpReversedHead = pNode;\r\n\r\n\t\tpNode->m_pNext = pPrev;\r\n\r\n\t\tpPrev = pNode;\t\t// 跟新pPre\r\n\t\tpNode = pNext;\t\t// 反转节点后移\r\n\t}\r\n\r\n\treturn pReversedHead;\r\n}\r\n```\r\n\r\n### 19：简述指针常量与常量指针区别\r\n指针常量是指定义了一个指针，这个指针的值只能在定义时初始化，其他地方不能改变。常量指针是指定义了一个指针，这个指针指向一个只读的对象，不能通过常量指针来改变这个对象的值。\r\n指针常量强调的是指针的不可改变性，而常量指针强调的是指针对其所指对象的不可改变性。\r\n\r\n### 20：使用strcpy注意的问题\r\n因为strcpy不会检查strDestination是否有足够空间 ，它会直接复制strSource，很可能会造成缓冲区溢出。 因此，建议你使用 strcpy_s\r\n为了避免缓冲区溢出问题，我们也可以使用memcpy来完成的字符串的拷贝工作，memcpy是用来在内存中复制数据的，它会把指定长度的内存块复制到另一块内存中而不管内存的中存放的是什么数据\r\n\r\n### 21：谈谈你对面向对象的认识\r\n传统的程序设计多是基于功能的思想来进行考虑和设计的，而面向对象的程序设计则是基于对象的角度来考虑问题。这样做能够使得程序更加的简洁清晰。将需要处理的问题抽象成一个个对象，进行封装设计，最后得到程序。\r\n\r\n### 22:重载、重写(覆盖)和隐藏的定义与区别\r\n定义\r\n重载: 在同一作用域中，同名函数的形式参数（参数个数、类型或者顺序）不同时，构成函数重载\r\n重写/覆盖(override): 派生类中与基类同返回值类型、同名和同参数的虚函数重定义，构成虚函数覆盖，也叫虚函数重写。\r\n隐藏： 指不同作用域中定义的同名函数构成隐藏（不要求函数返回值和函数参数类型相同）。\r\n\r\n<font color=green>override与final</font>\r\n使用override关键字来说明派生类中的虚函数。\r\n把某个函数指点为 final ，意味着任何尝试覆盖该函数的操作都将引发错误。\r\n\r\n<font color=green>重载和重写的区别：l</font>\r\n\r\n（1）范围区别：重写和被重写的函数在不同的类中，重载和被重载的函数在同一类中。\r\n\r\n（2）参数区别：重写与被重写的函数参数列表一定相同，重载和被重载的函数参数列表一定不同。\r\n\r\n（3）virtual的区别：重写的基类必须要有virtual修饰，重载函数和被重载函数可以被virtual修饰，也可以没有。\r\n\r\n<font color=green>隐藏和重写，重载的区别：l</font>\r\n\r\n（1）与重载范围不同：隐藏函数和被隐藏函数在不同类中。\r\n\r\n（2）参数的区别：隐藏函数和被隐藏函数参数列表可以相同，也可以不同，但函数名一定同；当参数不同时，无论基类中的函数是否被virtual修饰，基类函数都是被隐藏，而不是被重写。\r\n![](https://hensonguo.github.io/post-images/1662469797401.jpg)\r\n\r\n### 23:Hash表及底层实现机制\r\n底层实现\r\n数组+链表，用链表处理冲突。如果冲突元素较多，可将链表转换为红黑树来提高查找性能能\r\n哈希函数构造方法\r\n\r\n直接定址法\r\n+ 数字分析法\r\n+ 平方取中法\r\n+ 折叠法\r\n+ 除留取余法\r\n+ 随机法\r\n\r\n冲突处理方法\r\n+ 开放定址法再哈希法\r\n+ 链地址法\r\n+ 建立一个公共溢出区\r\n\r\n### 24.多线程情况下, Qt中的信号槽分别在什么线程中执行, 如何控制?\r\n可以通过connect函数的第五个参数来控制, 信号槽执行时所在的线程\r\n1>. 直接连接 – 信号槽函数在信号发出者所在线程中执行\r\n2>. 队列连接 – 信号在信号发出者所在线程中执行,槽函数在信号接收者所在线程中执行.\r\n3>. 自动连接 – 多线程时为队列连接方式, 单线程时为直接连接方式\r\n默认情况为自动连接方式.\r\n\r\n### 25.描述QT中的文件流(QTextStream)和数据流(QDataStream)的区别\r\nQTextStream – 文本流, 操作轻量级数据(int, double, QString), 数据写入文件中之后以文本的方式呈现。\r\nQDataStream – 数据流, 通过数据流可以操作各种数据类型, 包括类对象, 存储到文件中数据可以还原到内存。\r\nQTextStream, QDataStream可以操作磁盘文件, 也可以操作内存数据, 通过流对象可以将数据打包到内存, 进行数据的传输.\r\n\r\n\r\n\r\n\r\n\r\n",
      "data": {
        "title": "面试问题汇总",
        "date": "2022-08-30 17:05:03",
        "tags": [
          "C++",
          "面试"
        ],
        "published": true,
        "hideInList": false,
        "feature": null,
        "isTop": false
      },
      "isEmpty": false,
      "excerpt": "",
      "abstract": "",
      "fileName": "mian-shi-wen-ti-hui-zong"
    },
    {
      "content": "1. **工作原理中心思想**\r\n   中心思想就是“动态链接”的概念。windows自带有一套函数，应用程序就是通过调用这些函数来实现它的用户界面和屏幕上显示的文本与图形的。这些函数都是在动态链接库里实现的。\r\n   主要分为3个动态库：\r\n   内核(kernel)：负责操作系统的传统工作，包括内存管理、输入输出、任务管理等\r\n   用户(user)：指的是用户界面，负责管理所有的窗口管理。\r\n   GDI：就是图形设备接口，负责再显示器或打印机上显示文本与图形。\r\n\r\n2. **windows函数与调用C语义的库函数（如strlen）区别**\r\n   单纯从调用角度看，无区别。最主要的区别是C语言库函数的机器代码会直接链接到你的程序代码中（嵌入）；而windows则是放在你的程序之外的dll里（动态链接）。",
      "data": {
        "title": "windows相关总结",
        "date": "2022-08-26 10:20:32",
        "tags": [
          "windows"
        ],
        "published": true,
        "hideInList": false,
        "feature": null,
        "isTop": false
      },
      "isEmpty": false,
      "excerpt": "",
      "abstract": "",
      "fileName": "windows-xiang-guan-zong-jie"
    },
    {
      "content": "\\x是转义字符，告诉编译器需要用特殊的方式进行处理。\\x表示后面的字符是十六进制数，\\0表示后面的字符是八进制数。例如十进制的17用十六进制表示就是‘\\x11’,用八进制表示就是‘\\021’。\r\n\r\n所有的ASCII码都可以用“\\”加数字(一般是8进制数字)来表示。而C中定义了一些字母前加\"\\\"来表示常见的那些不能显示的ASCII字符，如\\0,\\t,\\n等，就称为转义字符，因为后面的字符，都不是本来的ASCII字符意思了。\r\n![](https://hensonguo.github.io/post-images/1661412266627.jfif)\r\n\r\n1. <font color=red>ASCII 打印字符</font>：数字 32–126 分配给了能在键盘上找到的字符，当您查看或打印文档时就会出现。注：十进制32代表空格 ，十进制数字 127 代表 DELETE 命令。下面是ASCII码和相应数字的对照表\r\n\r\n<table class=\"gen\" border=\"1\" cellpadding=\"0\" cellspacing=\"0\">\r\n    <tbody>\r\n        <tr style=\"TEXT-ALIGN: center\">\r\n            <td class=\"field\" colspan=\"2\">ASCII 码</td>\r\n            <td class=\"field\" rowspan=\"2\">字符</td>\r\n            <td class=\"bk\"> </td>\r\n            <td class=\"field\" colspan=\"2\">ASCII 码</td>\r\n            <td class=\"field\" rowspan=\"2\">字符</td>\r\n            <td class=\"bk\"> </td>\r\n            <td class=\"field\" colspan=\"2\">ASCII 码</td>\r\n            <td class=\"field\" rowspan=\"2\">字符</td>\r\n            <td class=\"bk\"> </td>\r\n            <td class=\"field\" colspan=\"2\">ASCII 码</td>\r\n            <td class=\"field\" rowspan=\"2\">字符</td>\r\n        </tr>\r\n        <tr style=\"TEXT-ALIGN: center\">\r\n            <td class=\"field\">十进位</td>\r\n            <td class=\"field\">十六进位</td>\r\n            <td class=\"bk\"> </td>\r\n            <td class=\"field\">十进位</td>\r\n            <td class=\"field\">十六进位</td>\r\n            <td class=\"bk\"> </td>\r\n            <td class=\"field\">十进位</td>\r\n            <td class=\"field\">十六进位</td>\r\n            <td class=\"bk\"> </td>\r\n            <td class=\"field\">十进位</td>\r\n            <td class=\"field\">十六进位</td>\r\n        </tr>\r\n        <tr style=\"TEXT-ALIGN: center\">\r\n            <td class=\"cellgen\">032</td>\r\n            <td class=\"cellgen\">20</td>\r\n            <td class=\"cellgen\"> </td>\r\n            <td class=\"bk\"> </td>\r\n            <td class=\"cellgen\">056</td>\r\n            <td class=\"cellgen\">38</td>\r\n            <td class=\"cellgen\">8</td>\r\n            <td class=\"bk\"> </td>\r\n            <td class=\"cellgen\">080</td>\r\n            <td class=\"cellgen\">50</td>\r\n            <td class=\"cellgen\">P</td>\r\n            <td class=\"bk\"> </td>\r\n            <td class=\"cellgen\">104</td>\r\n            <td class=\"cellgen\">68</td>\r\n            <td class=\"cellgen\">h</td>\r\n        </tr>\r\n        <tr style=\"TEXT-ALIGN: center\">\r\n            <td class=\"cellgen\">033</td>\r\n            <td class=\"cellgen\">21</td>\r\n            <td class=\"cellgen\">!</td>\r\n            <td class=\"bk\"> </td>\r\n            <td class=\"cellgen\">057</td>\r\n            <td class=\"cellgen\">39</td>\r\n            <td class=\"cellgen\">9</td>\r\n            <td class=\"bk\"> </td>\r\n            <td class=\"cellgen\">081</td>\r\n            <td class=\"cellgen\">51</td>\r\n            <td class=\"cellgen\">Q</td>\r\n            <td class=\"bk\"> </td>\r\n            <td class=\"cellgen\">105</td>\r\n            <td class=\"cellgen\">69</td>\r\n            <td class=\"cellgen\">i</td>\r\n        </tr>\r\n        <tr style=\"TEXT-ALIGN: center\">\r\n            <td class=\"cellgen\">034</td>\r\n            <td class=\"cellgen\">22</td>\r\n            <td class=\"cellgen\">\"</td>\r\n            <td class=\"bk\"> </td>\r\n            <td class=\"cellgen\">058</td>\r\n            <td class=\"cellgen\">3A</td>\r\n            <td class=\"cellgen\">:</td>\r\n            <td class=\"bk\"> </td>\r\n            <td class=\"cellgen\">082</td>\r\n            <td class=\"cellgen\">52</td>\r\n            <td class=\"cellgen\">R</td>\r\n            <td class=\"bk\"> </td>\r\n            <td class=\"cellgen\">106</td>\r\n            <td class=\"cellgen\">6A</td>\r\n            <td class=\"cellgen\">j</td>\r\n        </tr>\r\n        <tr style=\"TEXT-ALIGN: center\">\r\n            <td class=\"cellgen\">035</td>\r\n            <td class=\"cellgen\">23</td>\r\n            <td class=\"cellgen\">#</td>\r\n            <td class=\"bk\"> </td>\r\n            <td class=\"cellgen\">059</td>\r\n            <td class=\"cellgen\">3B</td>\r\n            <td class=\"cellgen\">;</td>\r\n            <td class=\"bk\"> </td>\r\n            <td class=\"cellgen\">083</td>\r\n            <td class=\"cellgen\">53</td>\r\n            <td class=\"cellgen\">S</td>\r\n            <td class=\"bk\"> </td>\r\n            <td class=\"cellgen\">107</td>\r\n            <td class=\"cellgen\">6B</td>\r\n            <td class=\"cellgen\">k</td>\r\n        </tr>\r\n        <tr style=\"TEXT-ALIGN: center\">\r\n            <td class=\"cellgen\">036</td>\r\n            <td class=\"cellgen\">24</td>\r\n            <td class=\"cellgen\">$</td>\r\n            <td class=\"bk\"> </td>\r\n            <td class=\"cellgen\">060</td>\r\n            <td class=\"cellgen\">3C</td>\r\n            <td class=\"cellgen\"><</td>\r\n            <td class=\"bk\"> </td>\r\n            <td class=\"cellgen\">084</td>\r\n            <td class=\"cellgen\">54</td>\r\n            <td class=\"cellgen\">T</td>\r\n            <td class=\"bk\"> </td>\r\n            <td class=\"cellgen\">108</td>\r\n            <td class=\"cellgen\">6C</td>\r\n            <td class=\"cellgen\">l</td>\r\n        </tr>\r\n        <tr style=\"TEXT-ALIGN: center\">\r\n            <td class=\"cellgen\">037</td>\r\n            <td class=\"cellgen\">25</td>\r\n            <td class=\"cellgen\">%</td>\r\n            <td class=\"bk\"> </td>\r\n            <td class=\"cellgen\">061</td>\r\n            <td class=\"cellgen\">3D</td>\r\n            <td class=\"cellgen\">=</td>\r\n            <td class=\"bk\"> </td>\r\n            <td class=\"cellgen\">085</td>\r\n            <td class=\"cellgen\">55</td>\r\n            <td class=\"cellgen\">U</td>\r\n            <td class=\"bk\"> </td>\r\n            <td class=\"cellgen\">109</td>\r\n            <td class=\"cellgen\">6D</td>\r\n            <td class=\"cellgen\">m</td>\r\n        </tr>\r\n        <tr style=\"TEXT-ALIGN: center\">\r\n            <td class=\"cellgen\">038</td>\r\n            <td class=\"cellgen\">26</td>\r\n            <td class=\"cellgen\">&</td>\r\n            <td class=\"bk\"> </td>\r\n            <td class=\"cellgen\">062</td>\r\n            <td class=\"cellgen\">3E</td>\r\n            <td class=\"cellgen\">></td>\r\n            <td class=\"bk\"> </td>\r\n            <td class=\"cellgen\">086</td>\r\n            <td class=\"cellgen\">56</td>\r\n            <td class=\"cellgen\">V</td>\r\n            <td class=\"bk\"> </td>\r\n            <td class=\"cellgen\">110</td>\r\n            <td class=\"cellgen\">6E</td>\r\n            <td class=\"cellgen\">n</td>\r\n        </tr>\r\n        <tr style=\"TEXT-ALIGN: center\">\r\n            <td class=\"cellgen\">039</td>\r\n            <td class=\"cellgen\">27</td>\r\n            <td class=\"cellgen\">'</td>\r\n            <td class=\"bk\"> </td>\r\n            <td class=\"cellgen\">063</td>\r\n            <td class=\"cellgen\">3F</td>\r\n            <td class=\"cellgen\">?</td>\r\n            <td class=\"bk\"> </td>\r\n            <td class=\"cellgen\">087</td>\r\n            <td class=\"cellgen\">57</td>\r\n            <td class=\"cellgen\">W</td>\r\n            <td class=\"bk\"> </td>\r\n            <td class=\"cellgen\">111</td>\r\n            <td class=\"cellgen\">6F</td>\r\n            <td class=\"cellgen\">o</td>\r\n        </tr>\r\n        <tr style=\"TEXT-ALIGN: center\">\r\n            <td class=\"cellgen\">040</td>\r\n            <td class=\"cellgen\">28</td>\r\n            <td class=\"cellgen\">(</td>\r\n            <td class=\"bk\"> </td>\r\n            <td class=\"cellgen\">064</td>\r\n            <td class=\"cellgen\">40</td>\r\n            <td class=\"cellgen\">@</td>\r\n            <td class=\"bk\"> </td>\r\n            <td class=\"cellgen\">088</td>\r\n            <td class=\"cellgen\">58</td>\r\n            <td class=\"cellgen\">X</td>\r\n            <td class=\"bk\"> </td>\r\n            <td class=\"cellgen\">112</td>\r\n            <td class=\"cellgen\">70</td>\r\n            <td class=\"cellgen\">p</td>\r\n        </tr>\r\n        <tr style=\"TEXT-ALIGN: center\">\r\n            <td class=\"cellgen\">041</td>\r\n            <td class=\"cellgen\">29</td>\r\n            <td class=\"cellgen\">)</td>\r\n            <td class=\"bk\"> </td>\r\n            <td class=\"cellgen\">065</td>\r\n            <td class=\"cellgen\">41</td>\r\n            <td class=\"cellgen\">A</td>\r\n            <td class=\"bk\"> </td>\r\n            <td class=\"cellgen\">089</td>\r\n            <td class=\"cellgen\">59</td>\r\n            <td class=\"cellgen\">Y</td>\r\n            <td class=\"bk\"> </td>\r\n            <td class=\"cellgen\">113</td>\r\n            <td class=\"cellgen\">71</td>\r\n            <td class=\"cellgen\">q</td>\r\n        </tr>\r\n        <tr style=\"TEXT-ALIGN: center\">\r\n            <td class=\"cellgen\">042</td>\r\n            <td class=\"cellgen\">2A</td>\r\n            <td class=\"cellgen\">*</td>\r\n            <td class=\"bk\"> </td>\r\n            <td class=\"cellgen\">066</td>\r\n            <td class=\"cellgen\">42</td>\r\n            <td class=\"cellgen\">B</td>\r\n            <td class=\"bk\"> </td>\r\n            <td class=\"cellgen\">090</td>\r\n            <td class=\"cellgen\">5A</td>\r\n            <td class=\"cellgen\">Z</td>\r\n            <td class=\"bk\"> </td>\r\n            <td class=\"cellgen\">114</td>\r\n            <td class=\"cellgen\">72</td>\r\n            <td class=\"cellgen\">r</td>\r\n        </tr>\r\n        <tr style=\"TEXT-ALIGN: center\">\r\n            <td class=\"cellgen\">043</td>\r\n            <td class=\"cellgen\">2B</td>\r\n            <td class=\"cellgen\">+</td>\r\n            <td class=\"bk\"> </td>\r\n            <td class=\"cellgen\">067</td>\r\n            <td class=\"cellgen\">43</td>\r\n            <td class=\"cellgen\">C</td>\r\n            <td class=\"bk\"> </td>\r\n            <td class=\"cellgen\">091</td>\r\n            <td class=\"cellgen\">5B</td>\r\n            <td class=\"cellgen\">[</td>\r\n            <td class=\"bk\"> </td>\r\n            <td class=\"cellgen\">115</td>\r\n            <td class=\"cellgen\">73</td>\r\n            <td class=\"cellgen\">s</td>\r\n        </tr>\r\n        <tr style=\"TEXT-ALIGN: center\">\r\n            <td class=\"cellgen\">044</td>\r\n            <td class=\"cellgen\">2C</td>\r\n            <td class=\"cellgen\">,</td>\r\n            <td class=\"bk\"> </td>\r\n            <td class=\"cellgen\">068</td>\r\n            <td class=\"cellgen\">44</td>\r\n            <td class=\"cellgen\">D</td>\r\n            <td class=\"bk\"> </td>\r\n            <td class=\"cellgen\">092</td>\r\n            <td class=\"cellgen\">5C</td>\r\n            <td class=\"cellgen\">\\</td>\r\n            <td class=\"bk\"> </td>\r\n            <td class=\"cellgen\">116</td>\r\n            <td class=\"cellgen\">74</td>\r\n            <td class=\"cellgen\">t</td>\r\n        </tr>\r\n        <tr style=\"TEXT-ALIGN: center\">\r\n            <td class=\"cellgen\">045</td>\r\n            <td class=\"cellgen\">2D</td>\r\n            <td class=\"cellgen\">-</td>\r\n            <td class=\"bk\"> </td>\r\n            <td class=\"cellgen\">069</td>\r\n            <td class=\"cellgen\">45</td>\r\n            <td class=\"cellgen\">E</td>\r\n            <td class=\"bk\"> </td>\r\n            <td class=\"cellgen\">093</td>\r\n            <td class=\"cellgen\">5D</td>\r\n            <td class=\"cellgen\">]</td>\r\n            <td class=\"bk\"> </td>\r\n            <td class=\"cellgen\">117</td>\r\n            <td class=\"cellgen\">75</td>\r\n            <td class=\"cellgen\">u</td>\r\n        </tr>\r\n        <tr style=\"TEXT-ALIGN: center\">\r\n            <td class=\"cellgen\">046</td>\r\n            <td class=\"cellgen\">2E</td>\r\n            <td class=\"cellgen\">.</td>\r\n            <td class=\"bk\"> </td>\r\n            <td class=\"cellgen\">070</td>\r\n            <td class=\"cellgen\">46</td>\r\n            <td class=\"cellgen\">F</td>\r\n            <td class=\"bk\"> </td>\r\n            <td class=\"cellgen\">094</td>\r\n            <td class=\"cellgen\">5E</td>\r\n            <td class=\"cellgen\">^</td>\r\n            <td class=\"bk\"> </td>\r\n            <td class=\"cellgen\">118</td>\r\n            <td class=\"cellgen\">76</td>\r\n            <td class=\"cellgen\">v</td>\r\n        </tr>\r\n        <tr style=\"TEXT-ALIGN: center\">\r\n            <td class=\"cellgen\">047</td>\r\n            <td class=\"cellgen\">2F</td>\r\n            <td class=\"cellgen\">/</td>\r\n            <td class=\"bk\"> </td>\r\n            <td class=\"cellgen\">071</td>\r\n            <td class=\"cellgen\">47</td>\r\n            <td class=\"cellgen\">G</td>\r\n            <td class=\"bk\"> </td>\r\n            <td class=\"cellgen\">095</td>\r\n            <td class=\"cellgen\">5F</td>\r\n            <td class=\"cellgen\">_</td>\r\n            <td class=\"bk\"> </td>\r\n            <td class=\"cellgen\">119</td>\r\n            <td class=\"cellgen\">77</td>\r\n            <td class=\"cellgen\">w</td>\r\n        </tr>\r\n        <tr style=\"TEXT-ALIGN: center\">\r\n            <td class=\"cellgen\">048</td>\r\n            <td class=\"cellgen\">30</td>\r\n            <td class=\"cellgen\">0</td>\r\n            <td class=\"bk\"> </td>\r\n            <td class=\"cellgen\">072</td>\r\n            <td class=\"cellgen\">48</td>\r\n            <td class=\"cellgen\">H</td>\r\n            <td class=\"bk\"> </td>\r\n            <td class=\"cellgen\">096</td>\r\n            <td class=\"cellgen\">60</td>\r\n            <td class=\"cellgen\">`</td>\r\n            <td class=\"bk\"> </td>\r\n            <td class=\"cellgen\">120</td>\r\n            <td class=\"cellgen\">78</td>\r\n            <td class=\"cellgen\">x</td>\r\n        </tr>\r\n        <tr style=\"TEXT-ALIGN: center\">\r\n            <td class=\"cellgen\">049</td>\r\n            <td class=\"cellgen\">31</td>\r\n            <td class=\"cellgen\">1</td>\r\n            <td class=\"bk\"> </td>\r\n            <td class=\"cellgen\">073</td>\r\n            <td class=\"cellgen\">49</td>\r\n            <td class=\"cellgen\">I</td>\r\n            <td class=\"bk\"> </td>\r\n            <td class=\"cellgen\">097</td>\r\n            <td class=\"cellgen\">61</td>\r\n            <td class=\"cellgen\">a</td>\r\n            <td class=\"bk\"> </td>\r\n            <td class=\"cellgen\">121</td>\r\n            <td class=\"cellgen\">79</td>\r\n            <td class=\"cellgen\">y</td>\r\n        </tr>\r\n        <tr style=\"TEXT-ALIGN: center\">\r\n            <td class=\"cellgen\">050</td>\r\n            <td class=\"cellgen\">32</td>\r\n            <td class=\"cellgen\">2</td>\r\n            <td class=\"bk\"> </td>\r\n            <td class=\"cellgen\">074</td>\r\n            <td class=\"cellgen\">4A</td>\r\n            <td class=\"cellgen\">J</td>\r\n            <td class=\"bk\"> </td>\r\n            <td class=\"cellgen\">098</td>\r\n            <td class=\"cellgen\">62</td>\r\n            <td class=\"cellgen\">b</td>\r\n            <td class=\"bk\"> </td>\r\n            <td class=\"cellgen\">122</td>\r\n            <td class=\"cellgen\">7A</td>\r\n            <td class=\"cellgen\">z</td>\r\n        </tr>\r\n        <tr style=\"TEXT-ALIGN: center\">\r\n            <td class=\"cellgen\">051</td>\r\n            <td class=\"cellgen\">33</td>\r\n            <td class=\"cellgen\">3</td>\r\n            <td class=\"bk\"> </td>\r\n            <td class=\"cellgen\">075</td>\r\n            <td class=\"cellgen\">4B</td>\r\n            <td class=\"cellgen\">K</td>\r\n            <td class=\"bk\"> </td>\r\n            <td class=\"cellgen\">099</td>\r\n            <td class=\"cellgen\">63</td>\r\n            <td class=\"cellgen\">c</td>\r\n            <td class=\"bk\"> </td>\r\n            <td class=\"cellgen\">123</td>\r\n            <td class=\"cellgen\">7B</td>\r\n            <td class=\"cellgen\">{</td>\r\n        </tr>\r\n        <tr style=\"TEXT-ALIGN: center\">\r\n            <td class=\"cellgen\">052</td>\r\n            <td class=\"cellgen\">34</td>\r\n            <td class=\"cellgen\">4</td>\r\n            <td class=\"bk\"> </td>\r\n            <td class=\"cellgen\">076</td>\r\n            <td class=\"cellgen\">4C</td>\r\n            <td class=\"cellgen\">L</td>\r\n            <td class=\"bk\"> </td>\r\n            <td class=\"cellgen\">100</td>\r\n            <td class=\"cellgen\">64</td>\r\n            <td class=\"cellgen\">d</td>\r\n            <td class=\"bk\"> </td>\r\n            <td class=\"cellgen\">124</td>\r\n            <td class=\"cellgen\">7C</td>\r\n            <td class=\"cellgen\">|</td>\r\n        </tr>\r\n        <tr style=\"TEXT-ALIGN: center\">\r\n            <td class=\"cellgen\">053</td>\r\n            <td class=\"cellgen\">35</td>\r\n            <td class=\"cellgen\">5</td>\r\n            <td class=\"bk\"> </td>\r\n            <td class=\"cellgen\">077</td>\r\n            <td class=\"cellgen\">4D</td>\r\n            <td class=\"cellgen\">M</td>\r\n            <td class=\"bk\"> </td>\r\n            <td class=\"cellgen\">101</td>\r\n            <td class=\"cellgen\">65</td>\r\n            <td class=\"cellgen\">e</td>\r\n            <td class=\"bk\"> </td>\r\n            <td class=\"cellgen\">125</td>\r\n            <td class=\"cellgen\">7D</td>\r\n            <td class=\"cellgen\">}</td>\r\n        </tr>\r\n        <tr style=\"TEXT-ALIGN: center\">\r\n            <td class=\"cellgen\">054</td>\r\n            <td class=\"cellgen\">36</td>\r\n            <td class=\"cellgen\">6</td>\r\n            <td class=\"bk\"> </td>\r\n            <td class=\"cellgen\">078</td>\r\n            <td class=\"cellgen\">4E</td>\r\n            <td class=\"cellgen\">N</td>\r\n            <td class=\"bk\"> </td>\r\n            <td class=\"cellgen\">102</td>\r\n            <td class=\"cellgen\">66</td>\r\n            <td class=\"cellgen\">f</td>\r\n            <td class=\"bk\"> </td>\r\n            <td class=\"cellgen\">126</td>\r\n            <td class=\"cellgen\">7E</td>\r\n            <td class=\"cellgen\">~</td>\r\n        </tr>\r\n        <tr style=\"TEXT-ALIGN: center\">\r\n            <td class=\"cellgen\">055</td>\r\n            <td class=\"cellgen\">37</td>\r\n            <td class=\"cellgen\">7</td>\r\n            <td class=\"bk\"> </td>\r\n            <td class=\"cellgen\">079</td>\r\n            <td class=\"cellgen\">4F</td>\r\n            <td class=\"cellgen\">O</td>\r\n            <td class=\"bk\"> </td>\r\n            <td class=\"cellgen\">103</td>\r\n            <td class=\"cellgen\">67</td>\r\n            <td class=\"cellgen\">g</td>\r\n            <td class=\"bk\"> </td>\r\n            <td class=\"cellgen\">127</td>\r\n            <td class=\"cellgen\">7F</td>\r\n            <td class=\"cellgen\">DEL</td>\r\n        </tr>\r\n    </tbody>\r\n</table>\r\n\r\n2. <font color=red>ASCII 非打印控制字符</font>：ASCII 表上的数字 0–31 分配给了控制字符，用于控制像打印机等一些外围设备。例如，12 代表换页/新页功能。此命令指示打印机跳到下一页的开头。\r\n   ![](https://hensonguo.github.io/post-images/1661413428618.jpg)\r\n   ![](https://hensonguo.github.io/post-images/1661413519682.jpg)\r\n3. <font color=red>扩展 ASCII 打印字符</font>：扩展的 ASCII 字符满足了对更多字符的需求。扩展的 ASCII 包含 ASCII 中已有的 128 个字符（数字 0–32 显示在下图中），又增加了 128 个字符，总共是 256 个。即使有了这些更多的字符，许多语言还是包含无法压缩到 256 个字符中的符号。因此，出现了一些 ASCII 的变体来囊括地区性字符和符号.\r\n   ![](https://hensonguo.github.io/post-images/1661413468876.jpg)",
      "data": {
        "title": "ASCII码中\\X在表示什么意思",
        "date": "2022-08-25 14:41:29",
        "tags": [
          "ASCII"
        ],
        "published": true,
        "hideInList": false,
        "feature": null,
        "isTop": false
      },
      "isEmpty": false,
      "excerpt": "",
      "abstract": "",
      "fileName": "ascii-ma-zhong-x-zai-biao-shi-shi-me-yi-si"
    },
    {
      "content": "1. 依赖仓库设置\r\n   项目目录下创建.gitmodules文件，其文件格式为\r\n   ```\r\n   [submodule \"apps\"]\r\n\t    path = dirpath\r\n\t    url = ssh://git@xxxx.git\r\n\t    branch = branchname\r\n\t    ignore = all\r\n    ```\r\n    其中path为项目的子仓库存储目录\r\n    url为对应的远程仓库地址\r\n\r\n2. 子仓库获取\r\n   git clone --recursive ssh://xxx.git",
      "data": {
        "title": "git子仓库设置与获取",
        "date": "2022-08-22 20:09:30",
        "tags": [
          "git"
        ],
        "published": true,
        "hideInList": false,
        "feature": null,
        "isTop": false
      },
      "isEmpty": false,
      "excerpt": "",
      "abstract": "",
      "fileName": "git-zi-cang-ku-she-zhi-yu-huo-qu"
    },
    {
      "content": "1. 创建两个或多个ssh账户\r\n   ![](https://hensonguo.github.io/post-images/1661157988792.jpg)\r\n2. 修改配置文件\r\n   在.ssh目录下创建config文件并编辑\r\n   ![](https://hensonguo.github.io/post-images/1661158154529.jpg)\r\n3. 添加秘钥\r\n   通过ssh-add添加id_rsa_work和id_rsa_person两个文件\r\n\r\n4. 修改项目的git设置\r\n   需要为不同的项目设置不同的git用户名和邮箱\r\n   不设置的话则是用的git的默认设置（默认配置在{user}/.gitconfig配置下）\r\n   找到项目目录下的.git文件夹，在该目录下找到config文件，设置好user\r\n   [user]\r\n\t    name = xxxx\r\n\t    email = xxxxxx@qq.com",
      "data": {
        "title": "多个git账号切换与管理",
        "date": "2022-08-22 16:42:51",
        "tags": [
          "git"
        ],
        "published": true,
        "hideInList": false,
        "feature": null,
        "isTop": false
      },
      "isEmpty": false,
      "excerpt": "",
      "abstract": "",
      "fileName": "duo-ge-git-zhang-hao-qie-huan-yu-guan-li"
    },
    {
      "content": "##### 1.调试一些dll文件时，需要将当前工作目录进行设置为dll文件所在目录\r\n调用os.chdir(dir)进行设置\r\n``` python\r\n    def _openProcess(self):\r\n        _isStartUpFromDebug = os.environ.get(\"_isStartUpFromDebug\")\r\n        if _isStartUpFromDebug:\r\n            curDir = os.getcwd()\r\n            os.chdir(misc.getCCPathForDebug())\r\n        try:\r\n            dll = ctypes.cdll.LoadLibrary(str(self._interfacePath))\r\n            if _isStartUpFromDebug:\r\n                os.chdir(curDir)\r\n            return {\"dll\":dll}\r\n        except Exception:\r\n            return {}\r\n```\r\n\r\n##### 2.Python3向dll的接口传递字符串时，需要将字符串bytes处理\r\n通过str.encode转为bytes\r\n``` python\r\nWrapper.DLL.StartLive(self._liverInstance, str.encode(jsonParams))\r\n```",
      "data": {
        "title": "python调试dll的一些问题处理总结",
        "date": "2022-08-22 16:03:19",
        "tags": [
          "python"
        ],
        "published": true,
        "hideInList": false,
        "feature": null,
        "isTop": false
      },
      "isEmpty": false,
      "excerpt": "",
      "abstract": "",
      "fileName": "python-diao-shi-de-yi-xie-wen-ti-chu-li"
    }
  ],
  "tags": [
    {
      "name": "内存",
      "slug": "tqj2z-KW8",
      "used": true
    },
    {
      "name": "工具",
      "slug": "hhPf5jOLT",
      "used": true
    },
    {
      "name": "C++",
      "slug": "blFelWlDF",
      "used": true
    },
    {
      "name": "面试",
      "slug": "W9XKKbEX8d",
      "used": true
    },
    {
      "name": "windows",
      "slug": "_UJRJUqWs",
      "used": true
    },
    {
      "name": "ASCII",
      "slug": "tA4RomSd1",
      "used": true
    },
    {
      "index": -1,
      "name": "git",
      "slug": "dZvq4jWZW",
      "used": true
    },
    {
      "index": -1,
      "name": "python",
      "slug": "ej4xuHAGJ",
      "used": true
    }
  ],
  "menus": [
    {
      "link": "/",
      "name": "首页",
      "openType": "Internal"
    },
    {
      "link": "/archives",
      "name": "归档",
      "openType": "Internal"
    },
    {
      "link": "/tags",
      "name": "标签",
      "openType": "Internal"
    },
    {
      "link": "/post/about",
      "name": "关于",
      "openType": "Internal"
    }
  ]
}