{
  "config": {
    "branch": "gh-pages",
    "domain": "https://hensonguo.github.io",
    "email": "1851228745@qq.com",
    "platform": "github",
    "repository": "hensonguo.github.io",
    "token": "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",
    "username": "HensonGuo"
  },
  "comment": {
    "commentPlatform": "gitalk",
    "disqusSetting": {
      "api": "",
      "apikey": "",
      "shortname": ""
    },
    "gitalkSetting": {
      "clientId": "",
      "clientSecret": "",
      "owner": "",
      "repository": ""
    },
    "showComment": false
  }
}