{
  "config": {
    "archivesPageSize": 50,
    "archivesPath": "archives",
    "dateFormat": "YYYY-MM-DD",
    "feedCount": 10,
    "feedFullText": true,
    "footerInfo": "Powered by <a href=\"https://github.com/getgridea/gridea\" target=\"_blank\">Gridea</a>",
    "postPageSize": 10,
    "postPath": "post",
    "postUrlFormat": "SLUG",
    "showFeatureImage": true,
    "siteDescription": "温故而知新",
    "siteName": "Icode",
    "tagPath": "tag",
    "tagUrlFormat": "SHORT_ID",
    "themeName": "notes"
  },
  "customConfig": {}
}